symbol,isin,trade_date,exchange,segment,series,trade_type,auction,quantity,price,trade_id,order_id,order_execution_time
JUNIORBEES,INF732E01045,2024-04-01,NSE,EQ,EQ,sell,false,2.000000,652.290000,41795167,1200000009438445,2024-04-01T09:57:47
LIQUIDBEES,INF732E01037,2024-04-01,NSE,EQ,EQ,sell,false,33.000000,999.990000,41795164,1200000009438440,2024-04-01T09:57:47
NIFTYBEES,INF204KB14I2,2024-04-01,NSE,EQ,EQ,buy,false,43.000000,249.050000,41796155,1200000009443221,2024-04-01T09:57:49
LIQUIDCASE,INF0R8F01034,2024-04-01,NSE,EQ,EQ,buy,false,232.000000,101.420000,41796157,1200000009443227,2024-04-01T09:57:49
COCHINSHIP,INE704P01025,2024-04-08,NSE,EQ,EQ,sell,false,14.000000,1143.000000,2309793,1000000015393943,2024-04-08T10:59:50
HSCL-BE,INE019C01026,2024-04-08,NSE,EQ,BE,sell,false,63.000000,327.000000,23621197,1100000019695782,2024-04-08T10:59:50
VBL,INE200M01021,2024-04-08,NSE,EQ,EQ,sell,false,21.000000,1441.000000,62972065,1300000016272166,2024-04-08T10:59:50
MEDANTA,INE474Q01031,2024-04-08,NSE,EQ,EQ,sell,false,13.000000,1386.450000,42931867,1200000018559980,2024-04-08T10:59:50
ACE,INE731H01025,2024-04-08,NSE,EQ,EQ,buy,false,5.000000,1603.900000,2310145,1000000015396813,2024-04-08T10:59:52
ACE,INE731H01025,2024-04-08,NSE,EQ,EQ,buy,false,4.000000,1603.900000,2310146,1000000015396813,2024-04-08T10:59:52
LIQUIDCASE,INF0R8F01034,2024-04-08,NSE,EQ,EQ,buy,false,199.000000,101.550000,42932396,1200000018564548,2024-04-08T10:59:52
UNIONBANK,INE692A01016,2024-04-08,NSE,EQ,EQ,buy,false,63.000000,155.500000,62972686,1300000016276124,2024-04-08T10:59:52
ZOMATO,INE758T01015,2024-04-08,NSE,EQ,EQ,buy,false,34.000000,192.550000,62972688,1300000016276126,2024-04-08T10:59:52
SCHNEIDER-BE,INE839M01018,2024-04-08,NSE,EQ,BE,buy,false,37.000000,826.500000,63017054,1300000016521743,2024-04-08T11:02:25
NTPC,INE733E01010,2024-04-08,NSE,EQ,EQ,buy,false,6.000000,354.000000,43008919,1200000019098498,2024-04-08T11:04:02
IOC,INE242A01010,2024-04-08,NSE,EQ,EQ,buy,false,15.000000,170.650000,23723457,1100000020230115,2024-04-08T11:04:02
KARURVYSYA,INE036D01028,2024-04-08,NSE,EQ,EQ,buy,false,8.000000,192.500000,43008918,1200000019098493,2024-04-08T11:04:02
JUNIORBEES,INF732E01045,2024-04-18,NSE,EQ,EQ,buy,false,1.000000,667.290000,41544539,1200000008310277,2024-04-18T09:43:13
LIQUIDCASE,INF0R8F01034,2024-04-18,NSE,EQ,EQ,buy,false,14.000000,101.710000,41544538,1200000008310276,2024-04-18T09:43:13
NIFTYBEES,INF204KB14I2,2024-04-18,NSE,EQ,EQ,buy,false,5.000000,245.890000,41544520,1200000008310232,2024-04-18T09:43:13
GOLDBEES,INF204KB17I5,2024-04-18,NSE,EQ,EQ,buy,false,8.000000,61.910000,21616372,1100000008261062,2024-04-18T09:43:13
IOC,INE242A01010,2024-05-02,NSE,EQ,EQ,sell,false,162.000000,169.000000,21557186,1100000007526392,2024-05-02T09:37:23
LIQUIDCASE,INF0R8F01034,2024-05-02,NSE,EQ,EQ,sell,false,542.000000,101.940000,41751101,1200000007823821,2024-05-02T09:37:23
IOC,INE242A01010,2024-05-02,NSE,EQ,EQ,sell,false,66.000000,169.000000,21557189,1100000007526392,2024-05-02T09:37:23
IOC,INE242A01010,2024-05-02,NSE,EQ,EQ,sell,false,5.000000,169.000000,21557188,1100000007526392,2024-05-02T09:37:23
IOC,INE242A01010,2024-05-02,NSE,EQ,EQ,sell,false,5.000000,169.000000,21557187,1100000007526392,2024-05-02T09:37:23
AUROPHARMA,INE406A01037,2024-05-02,NSE,EQ,EQ,sell,false,1.000000,1154.250000,1234665,1000000006282494,2024-05-02T09:37:23
AUROPHARMA,INE406A01037,2024-05-02,NSE,EQ,EQ,sell,false,1.000000,1154.250000,1234664,1000000006282494,2024-05-02T09:37:23
AUROPHARMA,INE406A01037,2024-05-02,NSE,EQ,EQ,sell,false,1.000000,1154.250000,1234663,1000000006282494,2024-05-02T09:37:23
AUROPHARMA,INE406A01037,2024-05-02,NSE,EQ,EQ,sell,false,7.000000,1154.250000,1234662,1000000006282494,2024-05-02T09:37:23
BAJAJHIND,INE306A01021,2024-05-02,NSE,EQ,EQ,buy,false,135.000000,36.750000,1236135,1000000006291430,2024-05-02T09:37:25
BAJAJHIND,INE306A01021,2024-05-02,NSE,EQ,EQ,buy,false,253.000000,36.750000,1236134,1000000006291430,2024-05-02T09:37:25
BAJAJHIND,INE306A01021,2024-05-02,NSE,EQ,EQ,buy,false,326.000000,36.800000,1236136,1000000006291430,2024-05-02T09:37:25
COCHINSHIP,INE704P01025,2024-05-02,NSE,EQ,EQ,buy,false,9.000000,1308.850000,1236133,1000000006291424,2024-05-02T09:37:25
GESHIP,INE017A01032,2024-05-02,NSE,EQ,EQ,buy,false,7.000000,1113.950000,21558848,1100000007536695,2024-05-02T09:37:25
GESHIP,INE017A01032,2024-05-02,NSE,EQ,EQ,buy,false,4.000000,1113.950000,21558847,1100000007536695,2024-05-02T09:37:25
GESHIP,INE017A01032,2024-05-02,NSE,EQ,EQ,buy,false,5.000000,1113.900000,21558846,1100000007536695,2024-05-02T09:37:25
GESHIP,INE017A01032,2024-05-02,NSE,EQ,EQ,buy,false,3.000000,1114.000000,21558850,1100000007536695,2024-05-02T09:37:25
GREAVESCOT,INE224A01026,2024-05-02,NSE,EQ,EQ,buy,false,172.000000,146.400000,21558839,1100000007536687,2024-05-02T09:37:25
GESHIP,INE017A01032,2024-05-02,NSE,EQ,EQ,buy,false,1.000000,1114.000000,21558849,1100000007536695,2024-05-02T09:37:25
LIQUIDCASE,INF0R8F01034,2024-05-09,NSE,EQ,EQ,buy,false,34.000000,102.080000,48721160,1200000051341878,2024-05-09T15:07:44
GOLDBEES,INF204KB17I5,2024-05-09,NSE,EQ,EQ,buy,false,73.000000,60.450000,28166639,1100000047087162,2024-05-09T15:07:44
NIFTYBEES,INF204KB14I2,2024-05-09,NSE,EQ,EQ,buy,false,12.000000,243.640000,48721162,1200000051341882,2024-05-09T15:07:44
JUNIORBEES,INF732E01045,2024-05-09,NSE,EQ,EQ,buy,false,4.000000,675.810000,48721161,1200000051341881,2024-05-09T15:07:44
POWERGRID,INE752E01010,2024-05-09,NSE,EQ,EQ,buy,false,9.000000,296.250000,49032663,1200000052301578,2024-05-09T15:14:19
ONGC,INE213A01029,2024-05-09,NSE,EQ,EQ,buy,false,9.000000,265.150000,49032660,1200000052301571,2024-05-09T15:14:19
BPCL,INE029A01011,2024-05-09,NSE,EQ,EQ,buy,false,4.000000,592.200000,7735433,1000000046965161,2024-05-09T15:14:19
COALINDIA,INE522F01014,2024-05-09,NSE,EQ,EQ,buy,false,5.000000,443.350000,7735434,1000000046965168,2024-05-09T15:14:19
GSPL,INE246F01010,2024-05-09,NSE,EQ,EQ,buy,false,9.000000,291.200000,28465174,1100000048004276,2024-05-09T15:14:19
GAIL,INE129A01019,2024-05-09,NSE,EQ,EQ,buy,false,11.000000,193.150000,28465211,1100000048004361,2024-05-09T15:14:19
NHPC,INE848E01016,2024-05-09,NSE,EQ,EQ,buy,false,14.000000,93.750000,49032667,1200000052301588,2024-05-09T15:14:19
NTPC,INE733E01010,2024-05-09,NSE,EQ,EQ,buy,false,7.000000,346.050000,49032666,1200000052301581,2024-05-09T15:14:19
OIL,INE274J01014,2024-05-09,NSE,EQ,EQ,buy,false,2.000000,618.250000,49032665,1200000052301580,2024-05-09T15:14:19
OIL,INE274J01014,2024-05-09,NSE,EQ,EQ,buy,false,1.000000,618.250000,49032664,1200000052301580,2024-05-09T15:14:19
RELIANCE,INE002A01018,2024-05-09,NSE,EQ,EQ,buy,false,1.000000,2789.400000,68761549,1300000046569090,2024-05-09T15:14:19
SJVN,INE002L01015,2024-05-09,NSE,EQ,EQ,buy,false,7.000000,123.300000,68761552,1300000046569094,2024-05-09T15:14:19
TATAPOWER,INE245A01021,2024-05-09,NSE,EQ,EQ,buy,false,5.000000,412.950000,68761550,1300000046569091,2024-05-09T15:14:19
TORNTPOWER,INE813H01021,2024-05-09,NSE,EQ,EQ,buy,false,2.000000,1330.400000,68761548,1300000046569078,2024-05-09T15:14:19
NIFTYBEES,INF204KB14I2,2024-05-28,NSE,EQ,EQ,buy,false,2.000000,254.990000,40740536,1200000003591773,2024-05-28T09:25:08
GOLDBEES,INF204KB17I5,2024-05-28,NSE,EQ,EQ,buy,false,32.000000,61.170000,20709563,1100000003511245,2024-05-28T09:25:08
LIQUIDCASE,INF0R8F01034,2024-05-28,NSE,EQ,EQ,buy,false,19.000000,102.400000,40740542,1200000003591805,2024-05-28T09:25:08
JUNIORBEES,INF732E01045,2024-06-04,NSE,EQ,EQ,buy,false,1.000000,721.510000,45197236,1200000024270761,2024-06-04T10:41:49
NIFTYBEES,INF204KB14I2,2024-06-04,NSE,EQ,EQ,buy,false,11.000000,251.670000,45197234,1200000024270738,2024-06-04T10:41:49
LIQUIDCASE,INF0R8F01034,2024-06-04,NSE,EQ,EQ,buy,false,36.000000,102.520000,45197235,1200000024270757,2024-06-04T10:41:49
GOLDBEES,INF204KB17I5,2024-06-04,NSE,EQ,EQ,buy,false,68.000000,61.090000,26097852,1100000028575346,2024-06-04T10:41:49
JUNIORBEES,INF732E01045,2024-06-04,NSE,EQ,EQ,buy,false,4.000000,721.520000,45197237,1200000024270761,2024-06-04T10:41:49
TATAMOTORS,INE155A01022,2024-06-04,NSE,EQ,EQ,buy,false,3.000000,921.350000,65556031,1300000023991913,2024-06-04T10:42:37
TITAN,INE280A01028,2024-06-04,NSE,EQ,EQ,buy,false,1.000000,3284.350000,65556027,1300000023991900,2024-06-04T10:42:37
INDHOTEL,INE053A01029,2024-06-04,NSE,EQ,EQ,buy,false,5.000000,556.450000,26130453,1100000028778826,2024-06-04T10:42:37
TATAPOWER,INE245A01021,2024-06-04,NSE,EQ,EQ,buy,false,7.000000,428.400000,65556028,1300000023991901,2024-06-04T10:42:37
TATACHEM,INE092A01019,2024-06-04,NSE,EQ,EQ,buy,false,2.000000,1025.000000,65556029,1300000023991905,2024-06-04T10:42:37
TATASTEEL,INE081A01020,2024-06-04,NSE,EQ,EQ,buy,false,18.000000,168.550000,65556030,1300000023991908,2024-06-04T10:42:37
TATACONSUM,INE192A01025,2024-06-04,NSE,EQ,EQ,buy,false,3.000000,1078.400000,65556032,1300000023991925,2024-06-04T10:42:37
KARURVYSYA,INE036D01028,2024-06-04,NSE,EQ,EQ,buy,false,14.000000,190.100000,45266935,1200000024610164,2024-06-04T10:43:32
SCHNEIDER,INE839M01018,2024-06-04,NSE,EQ,EQ,buy,false,1.000000,698.400000,65591513,1300000024168450,2024-06-04T10:43:32
ZOMATO,INE758T01015,2024-06-04,NSE,EQ,EQ,buy,false,37.000000,173.750000,65591509,1300000024168407,2024-06-04T10:43:32
BAJAJHIND,INE306A01021,2024-06-04,NSE,EQ,EQ,buy,false,94.000000,30.950000,6029668,1000000027120416,2024-06-04T10:43:32
GREAVESCOT,INE224A01026,2024-06-04,NSE,EQ,EQ,buy,false,8.000000,121.050000,26165855,1100000028964760,2024-06-04T10:43:32
GREAVESCOT,INE224A01026,2024-06-04,NSE,EQ,EQ,buy,false,11.000000,121.050000,26165856,1100000028964760,2024-06-04T10:43:32
NTPC,INE733E01010,2024-06-04,NSE,EQ,EQ,buy,false,1.000000,361.500000,45266929,1200000024610086,2024-06-04T10:43:32
NTPC,INE733E01010,2024-06-10,NSE,EQ,EQ,sell,false,5.000000,363.900000,49521392,1200000007498776,2024-06-10T09:41:01
LIQUIDCASE,INF0R8F01034,2024-06-10,NSE,EQ,EQ,sell,false,312.000000,102.620000,49521395,1200000007498780,2024-06-10T09:41:01
ZOMATO,INE758T01015,2024-06-10,NSE,EQ,EQ,sell,false,8.000000,183.310000,73541710,1300000006847218,2024-06-10T09:41:01
NTPC,INE733E01010,2024-06-10,NSE,EQ,EQ,sell,false,1.000000,363.900000,49521391,1200000007498776,2024-06-10T09:41:01
NTPC,INE733E01010,2024-06-10,NSE,EQ,EQ,sell,false,106.000000,363.900000,49521390,1200000007498776,2024-06-10T09:41:01
ZOMATO,INE758T01015,2024-06-10,NSE,EQ,EQ,sell,false,124.000000,183.340000,73541708,1300000006847218,2024-06-10T09:41:01
ZOMATO,INE758T01015,2024-06-10,NSE,EQ,EQ,sell,false,172.000000,183.330000,73541709,1300000006847218,2024-06-10T09:41:01
JINDALSAW,INE324A01024,2024-06-10,NSE,EQ,EQ,buy,false,26.000000,577.850000,49522794,1200000007506706,2024-06-10T09:41:03
ICICIBANK,INE090A01021,2024-06-10,NSE,EQ,EQ,buy,false,29.000000,1124.700000,25566532,1100000007572087,2024-06-10T09:41:03
JINDALSAW,INE324A01024,2024-06-10,NSE,EQ,EQ,buy,false,3.000000,577.950000,49522795,1200000007506706,2024-06-10T09:41:03
GET&D-BE,INE200A01026,2024-06-10,NSE,EQ,BE,buy,false,19.000000,1386.100000,25566533,1100000007572111,2024-06-10T09:41:03
MOTILALOFS,INE338I01027,2024-06-10,NSE,EQ,EQ,buy,false,35.000000,690.950000,49522791,1200000007506698,2024-06-10T09:41:03
JINDALSAW,INE324A01024,2024-06-10,NSE,EQ,EQ,buy,false,18.000000,577.800000,49522792,1200000007506706,2024-06-10T09:41:03
JINDALSAW,INE324A01024,2024-06-10,NSE,EQ,EQ,buy,false,10.000000,577.800000,49522793,1200000007506706,2024-06-10T09:41:03
UNIONBANK,INE692A01016,2024-06-10,NSE,EQ,EQ,buy,false,8.000000,149.120000,74270499,1300000011091767,2024-06-10T10:02:40
UNIONBANK,INE692A01016,2024-06-10,NSE,EQ,EQ,buy,false,74.000000,149.120000,74270500,1300000011091767,2024-06-10T10:02:40
GSPL,INE246F01010,2024-06-14,NSE,EQ,EQ,sell,false,3.000000,306.500000,24774111,1100000003557785,2024-06-14T09:23:07
GSPL,INE246F01010,2024-06-14,NSE,EQ,EQ,sell,false,6.000000,306.500000,24774110,1100000003557785,2024-06-14T09:23:07
NHPC,INE848E01016,2024-06-14,NSE,EQ,EQ,buy,false,8.000000,101.840000,48677524,1200000003248219,2024-06-14T09:23:09
SJVN,INE002L01015,2024-06-14,NSE,EQ,EQ,buy,false,6.000000,132.480000,72675968,1300000003041385,2024-06-14T09:23:09
OIL,INE274J01014,2024-06-14,NSE,EQ,EQ,buy,false,2.000000,675.950000,48677523,1200000003248217,2024-06-14T09:23:09
TATAMOTORS,INE155A01022,2024-06-14,NSE,EQ,EQ,sell,false,3.000000,985.050000,72720456,1300000003241651,2024-06-14T09:23:48
TATACHEM,INE092A01019,2024-06-14,NSE,EQ,EQ,sell,false,2.000000,1111.250000,72720458,1300000003241653,2024-06-14T09:23:48
INDHOTEL,INE053A01029,2024-06-14,NSE,EQ,EQ,sell,false,7.000000,600.150000,24823154,1100000003795965,2024-06-14T09:23:48
TATACONSUM,INE192A01025,2024-06-14,NSE,EQ,EQ,sell,false,3.000000,1119.100000,72720454,1300000003241644,2024-06-14T09:23:48
TATASTEEL,INE081A01020,2024-06-14,NSE,EQ,EQ,sell,false,42.000000,181.800000,72720455,1300000003241648,2024-06-14T09:23:48
TATAPOWER,INE245A01021,2024-06-14,NSE,EQ,EQ,sell,false,20.000000,450.000000,72720459,1300000003241655,2024-06-14T09:23:48
INDHOTEL,INE053A01029,2024-06-14,NSE,EQ,EQ,sell,false,1.000000,600.150000,24823153,1100000003795965,2024-06-14T09:23:48
VOLTAS,INE226A01021,2024-06-14,NSE,EQ,EQ,buy,false,7.000000,1480.000000,72722925,1300000003252454,2024-06-14T09:23:51
TCS,INE467B01029,2024-06-14,NSE,EQ,EQ,buy,false,5.000000,3862.900000,72722924,1300000003252451,2024-06-14T09:23:51
LIQUIDCASE,INF0R8F01034,2024-06-18,NSE,EQ,EQ,buy,false,17.000000,102.780000,49175158,1200000004906352,2024-06-18T09:26:15
NIFTYBEES,INF204KB14I2,2024-06-18,NSE,EQ,EQ,buy,false,2.000000,261.290000,49175207,1200000004906615,2024-06-18T09:26:15
GOLDBEES,INF204KB17I5,2024-06-18,NSE,EQ,EQ,buy,false,37.000000,60.610000,25163279,1100000004954847,2024-06-18T09:26:15
BSOFT,INE836A01035,2024-07-01,NSE,EQ,EQ,sell,false,8.000000,702.750000,1044079,1000000005440176,2024-07-01T09:32:03
BSOFT,INE836A01035,2024-07-01,NSE,EQ,EQ,sell,false,4.000000,702.750000,1044080,1000000005440176,2024-07-01T09:32:03
UNIONBANK,INE692A01016,2024-07-01,NSE,EQ,EQ,sell,false,82.000000,135.600000,73131352,1300000005291579,2024-07-01T09:32:03
UNIONBANK,INE692A01016,2024-07-01,NSE,EQ,EQ,sell,false,15.000000,135.600000,73131353,1300000005291579,2024-07-01T09:32:03
MEDANTA,INE474Q01031,2024-07-01,NSE,EQ,EQ,sell,false,10.000000,1250.050000,49238439,1200000006518929,2024-07-01T09:32:03
MOTILALOFS,INE338I01027,2024-07-01,NSE,EQ,EQ,sell,false,24.000000,600.100000,49238440,1200000006518936,2024-07-01T09:32:03
UNIONBANK,INE692A01016,2024-07-01,NSE,EQ,EQ,sell,false,387.000000,135.600000,73131354,1300000005291579,2024-07-01T09:32:03
BSOFT,INE836A01035,2024-07-01,NSE,EQ,EQ,sell,false,6.000000,702.750000,1044081,1000000005440176,2024-07-01T09:32:03
BSOFT,INE836A01035,2024-07-01,NSE,EQ,EQ,sell,false,6.000000,702.750000,1044083,1000000005440176,2024-07-01T09:32:03
BSOFT,INE836A01035,2024-07-01,NSE,EQ,EQ,sell,false,13.000000,702.750000,1044084,1000000005440176,2024-07-01T09:32:03
BSOFT,INE836A01035,2024-07-01,NSE,EQ,EQ,sell,false,15.000000,702.750000,1044082,1000000005440176,2024-07-01T09:32:03
COCHINSHIP,INE704P01025,2024-07-01,NSE,EQ,EQ,sell,false,20.000000,2287.300000,1044085,1000000005440177,2024-07-01T09:32:03
NATIONALUM,INE139A01034,2024-07-01,NSE,EQ,EQ,buy,false,14.000000,188.140000,49240004,1200000006528519,2024-07-01T09:32:05
NATIONALUM,INE139A01034,2024-07-01,NSE,EQ,EQ,buy,false,40.000000,188.160000,49240006,1200000006528519,2024-07-01T09:32:05
BAJAJHIND,INE306A01021,2024-07-01,NSE,EQ,EQ,buy,false,188.000000,40.430000,1045805,1000000005449029,2024-07-01T09:32:05
BAJAJHIND,INE306A01021,2024-07-01,NSE,EQ,EQ,buy,false,209.000000,40.430000,1045806,1000000005449029,2024-07-01T09:32:05
ICIL,INE483B01026,2024-07-01,NSE,EQ,EQ,buy,false,106.000000,418.000000,25168387,1100000005877724,2024-07-01T09:32:05
GENUSPOWER,INE955D01029,2024-07-01,NSE,EQ,EQ,buy,false,150.000000,323.900000,25168393,1100000005877747,2024-07-01T09:32:05
NATIONALUM,INE139A01034,2024-07-01,NSE,EQ,EQ,buy,false,200.000000,188.140000,49240005,1200000006528519,2024-07-01T09:32:05
KARURVYSYA,INE036D01028,2024-07-01,NSE,EQ,EQ,buy,false,10.000000,209.500000,49401667,1200000007453688,2024-07-01T09:35:23
KARURVYSYA,INE036D01028,2024-07-01,NSE,EQ,EQ,buy,false,76.000000,209.500000,49401668,1200000007453688,2024-07-01T09:35:23
LIQUIDCASE,INF0R8F01034,2024-07-02,NSE,EQ,EQ,sell,false,124.000000,103.010000,51175225,1200000016042132,2024-07-02T10:16:36
GOLDBEES,INF204KB17I5,2024-07-02,NSE,EQ,EQ,buy,false,56.000000,60.660000,27247653,1100000016896528,2024-07-02T10:16:38
NIFTYBEES,INF204KB14I2,2024-07-02,NSE,EQ,EQ,buy,false,24.000000,268.750000,51176524,1200000016049593,2024-07-02T10:16:38
JUNIORBEES,INF732E01045,2024-07-02,NSE,EQ,EQ,buy,false,4.000000,769.020000,51176523,1200000016049589,2024-07-02T10:16:38
JUNIORBEES,INF732E01045,2024-07-18,NSE,EQ,EQ,buy,false,1.000000,775.730000,405205751,1200000025015862,2024-07-18T10:50:18
NIFTYBEES,INF204KB14I2,2024-07-18,NSE,EQ,EQ,buy,false,4.000000,273.540000,405205752,1200000025015863,2024-07-18T10:50:18
LIQUIDCASE,INF0R8F01034,2024-07-18,NSE,EQ,EQ,buy,false,11.000000,103.300000,405205750,1200000025015861,2024-07-18T10:50:18
GOLDBEES,INF204KB17I5,2024-07-18,NSE,EQ,EQ,buy,false,9.000000,62.910000,205616850,1100000025981501,2024-07-18T10:50:18
SCHNEIDER,INE839M01018,2024-08-27,NSE,EQ,EQ,sell,false,7.000000,817.050000,602852053,1300000014528945,2024-08-27T10:29:33
SCHNEIDER,INE839M01018,2024-08-27,NSE,EQ,EQ,sell,false,1.000000,817.000000,602852054,1300000014528945,2024-08-27T10:29:33
SCHNEIDER,INE839M01018,2024-08-27,NSE,EQ,EQ,sell,false,11.000000,817.000000,602852055,1300000014528945,2024-08-27T10:29:33
SCHNEIDER,INE839M01018,2024-08-27,NSE,EQ,EQ,sell,false,2.000000,817.000000,602852056,1300000014528945,2024-08-27T10:29:33
CREDITACC,INE741K01010,2024-08-27,NSE,EQ,EQ,sell,false,5.000000,1214.000000,2221792,1000000012527380,2024-08-27T10:29:33
CREDITACC,INE741K01010,2024-08-27,NSE,EQ,EQ,sell,false,6.000000,1214.000000,2221793,1000000012527380,2024-08-27T10:29:33
GENUSPOWER,INE955D01029,2024-08-27,NSE,EQ,EQ,sell,false,50.000000,449.400000,202698068,1100000014985293,2024-08-27T10:29:33
EIHOTEL,INE230A01023,2024-08-27,NSE,EQ,EQ,sell,false,38.000000,384.250000,202698069,1100000014985298,2024-08-27T10:29:33
EIHOTEL,INE230A01023,2024-08-27,NSE,EQ,EQ,sell,false,15.000000,384.250000,202698070,1100000014985298,2024-08-27T10:29:33
ICIL,INE483B01026,2024-08-27,NSE,EQ,EQ,sell,false,19.000000,409.400000,202698071,1100000014985315,2024-08-27T10:29:33
MAPMYINDIA,INE0BV301023,2024-08-27,NSE,EQ,EQ,sell,false,11.000000,2094.050000,403272558,1200000017363966,2024-08-27T10:29:33
NATIONALUM,INE139A01034,2024-08-27,NSE,EQ,EQ,sell,false,47.000000,186.030000,403272559,1200000017363972,2024-08-27T10:29:33
TVSMOTOR,INE494B01023,2024-08-27,NSE,EQ,EQ,sell,false,10.000000,2753.700000,602852049,1300000014528944,2024-08-27T10:29:33
SCHNEIDER,INE839M01018,2024-08-27,NSE,EQ,EQ,sell,false,14.000000,817.050000,602852050,1300000014528945,2024-08-27T10:29:33
SCHNEIDER,INE839M01018,2024-08-27,NSE,EQ,EQ,sell,false,2.000000,817.050000,602852051,1300000014528945,2024-08-27T10:29:33
SCHNEIDER,INE839M01018,2024-08-27,NSE,EQ,EQ,sell,false,1.000000,817.050000,602852052,1300000014528945,2024-08-27T10:29:33
SUDARSCHEM,INE659A01023,2024-08-27,NSE,EQ,EQ,buy,false,4.000000,1012.650000,602853175,1300000014534765,2024-08-27T10:29:35
SUDARSCHEM,INE659A01023,2024-08-27,NSE,EQ,EQ,buy,false,3.000000,1012.650000,602853178,1300000014534765,2024-08-27T10:29:35
SUDARSCHEM,INE659A01023,2024-08-27,NSE,EQ,EQ,buy,false,12.000000,1012.700000,602853179,1300000014534765,2024-08-27T10:29:35
SUDARSCHEM,INE659A01023,2024-08-27,NSE,EQ,EQ,buy,false,7.000000,1012.750000,602853180,1300000014534765,2024-08-27T10:29:35
SHAKTIPUMP-BE,INE908D01010,2024-08-27,NSE,EQ,BE,buy,false,3.000000,4466.000000,602853173,1300000014534764,2024-08-27T10:29:35
SHAKTIPUMP-BE,INE908D01010,2024-08-27,NSE,EQ,BE,buy,false,2.000000,4466.000000,602853174,1300000014534764,2024-08-27T10:29:35
SUDARSCHEM,INE659A01023,2024-08-27,NSE,EQ,EQ,buy,false,1.000000,1012.650000,602853176,1300000014534765,2024-08-27T10:29:35
COCHINSHIP,INE704P01025,2024-08-27,NSE,EQ,EQ,buy,false,4.000000,2055.800000,2223049,1000000012532694,2024-08-27T10:29:35
GODFRYPHLP,INE260B01028,2024-08-27,NSE,EQ,EQ,buy,false,7.000000,5640.100000,202698809,1100000014990846,2024-08-27T10:29:35
GREAVESCOT,INE224A01026,2024-08-27,NSE,EQ,EQ,buy,false,2.000000,181.750000,202698810,1100000014990862,2024-08-27T10:29:35
GREAVESCOT,INE224A01026,2024-08-27,NSE,EQ,EQ,buy,false,38.000000,181.750000,202698811,1100000014990862,2024-08-27T10:29:35
SUDARSCHEM,INE659A01023,2024-08-27,NSE,EQ,EQ,buy,false,1.000000,1012.650000,602853177,1300000014534765,2024-08-27T10:29:35
SHAKTIPUMP-BE,INE908D01010,2024-08-27,NSE,EQ,BE,buy,false,4.000000,4465.500000,602853172,1300000014534764,2024-08-27T10:29:35
STAR,INE939A01011,2024-08-27,NSE,EQ,EQ,buy,false,10.000000,1317.550000,603025681,1300000015539031,2024-08-27T10:37:09
STAR,INE939A01011,2024-08-27,NSE,EQ,EQ,buy,false,10.000000,1317.550000,603025682,1300000015539031,2024-08-27T10:37:09
STAR,INE939A01011,2024-08-27,NSE,EQ,EQ,buy,false,4.000000,1317.600000,603025683,1300000015539031,2024-08-27T10:37:09
NIFTYBEES,INF204KB14I2,2024-08-27,NSE,EQ,EQ,buy,false,1.000000,278.820000,403485160,1200000018688880,2024-08-27T10:37:48
LIQUIDCASE,INF0R8F01034,2024-08-27,NSE,EQ,EQ,buy,false,4.000000,103.980000,403485158,1200000018688871,2024-08-27T10:37:48
GOLDBEES,INF204KB17I5,2024-08-27,NSE,EQ,EQ,buy,false,48.000000,60.500000,202883209,1100000016129213,2024-08-27T10:37:48
GET&D-BE,INE200A01026,2024-09-13,NSE,EQ,BE,sell,false,8.000000,1734.600000,200575281,1100000003126774,2024-09-13T09:22:40
GESHIP,INE017A01032,2024-09-13,NSE,EQ,EQ,sell,false,8.000000,1266.000000,200575278,1100000003126764,2024-09-13T09:22:40
GENUSPOWER,INE955D01029,2024-09-13,NSE,EQ,EQ,sell,false,4.000000,413.900000,200575277,1100000003126759,2024-09-13T09:22:40
GENUSPOWER,INE955D01029,2024-09-13,NSE,EQ,EQ,sell,false,30.000000,413.900000,200575276,1100000003126759,2024-09-13T09:22:40
MOTILALOFS,INE338I01027,2024-09-13,NSE,EQ,EQ,sell,false,11.000000,746.450000,400621634,1200000003374653,2024-09-13T09:22:40
GENUSPOWER,INE955D01029,2024-09-13,NSE,EQ,EQ,sell,false,41.000000,414.000000,200575274,1100000003126759,2024-09-13T09:22:40
GENUSPOWER,INE955D01029,2024-09-13,NSE,EQ,EQ,sell,false,17.000000,414.050000,200575273,1100000003126759,2024-09-13T09:22:40
COCHINSHIP,INE704P01025,2024-09-13,NSE,EQ,EQ,sell,false,13.000000,1833.100000,436122,1000000002568507,2024-09-13T09:22:40
GENUSPOWER,INE955D01029,2024-09-13,NSE,EQ,EQ,sell,false,8.000000,413.900000,200575275,1100000003126759,2024-09-13T09:22:40
POLICYBZR,INE417T01026,2024-09-13,NSE,EQ,EQ,sell,false,9.000000,1831.800000,400621629,1200000003374625,2024-09-13T09:22:40
COCHINSHIP,INE704P01025,2024-09-13,NSE,EQ,EQ,sell,false,12.000000,1833.100000,436121,1000000002568507,2024-09-13T09:22:40
ICICIBANK,INE090A01021,2024-09-13,NSE,EQ,EQ,sell,false,6.000000,1246.650000,200575272,1100000003126757,2024-09-13T09:22:40
ICICIBANK,INE090A01021,2024-09-13,NSE,EQ,EQ,sell,false,1.000000,1246.650000,200575271,1100000003126757,2024-09-13T09:22:40
NUVAMA,INE531F01015,2024-09-13,NSE,EQ,EQ,buy,false,1.000000,6899.650000,400623746,1200000003386861,2024-09-13T09:22:42
SHAKTIPUMP-BE,INE908D01010,2024-09-13,NSE,EQ,BE,buy,false,3.000000,4307.450000,600701478,1300000003363583,2024-09-13T09:22:42
NUVAMA,INE531F01015,2024-09-13,NSE,EQ,EQ,buy,false,4.000000,6899.600000,400623745,1200000003386861,2024-09-13T09:22:42
NUVAMA,INE531F01015,2024-09-13,NSE,EQ,EQ,buy,false,1.000000,6899.550000,400623744,1200000003386861,2024-09-13T09:22:42
NUVAMA,INE531F01015,2024-09-13,NSE,EQ,EQ,buy,false,1.000000,6899.550000,400623743,1200000003386861,2024-09-13T09:22:42
NUVAMA,INE531F01015,2024-09-13,NSE,EQ,EQ,buy,false,4.000000,6899.550000,400623742,1200000003386861,2024-09-13T09:22:42
GODFRYPHLP,INE260B01028,2024-09-13,NSE,EQ,EQ,buy,false,4.000000,6646.300000,200577146,1100000003137111,2024-09-13T09:22:42
DEEPAKFERT,INE501A01019,2024-09-13,NSE,EQ,EQ,buy,false,34.000000,1005.900000,200577145,1100000003137101,2024-09-13T09:22:42
OIL,INE274J01014,2024-09-13,NSE,EQ,EQ,sell,false,3.000000,578.500000,400739897,1200000004072733,2024-09-13T09:24:39
IEX,INE022Q01020,2024-09-13,NSE,EQ,EQ,buy,false,13.000000,217.820000,200687459,1100000003758070,2024-09-13T09:24:41
NIFTYBEES,INF204KB14I2,2024-09-18,NSE,EQ,EQ,buy,false,2.000000,283.400000,400413783,1200000002191907,2024-09-18T09:19:18
JUNIORBEES,INF732E01045,2024-09-18,NSE,EQ,EQ,buy,false,2.000000,802.490000,400413716,1200000002191878,2024-09-18T09:19:18
GOLDBEES,INF204KB17I5,2024-09-18,NSE,EQ,EQ,buy,false,13.000000,61.720000,200335439,1100000001932216,2024-09-18T09:19:18
LIQUIDCASE,INF0R8F01034,2024-09-18,NSE,EQ,EQ,buy,false,8.000000,104.360000,400413715,1200000002191876,2024-09-18T09:19:18
ICIL,INE483B01026,2024-10-01,NSE,EQ,EQ,sell,false,7.000000,371.650000,202363923,1100000014237306,2024-10-01T10:30:48
ICIL,INE483B01026,2024-10-01,NSE,EQ,EQ,sell,false,26.000000,371.650000,202363924,1100000014237306,2024-10-01T10:30:48
ICIL,INE483B01026,2024-10-01,NSE,EQ,EQ,sell,false,17.000000,371.650000,202363925,1100000014237306,2024-10-01T10:30:48
ICIL,INE483B01026,2024-10-01,NSE,EQ,EQ,sell,false,1.000000,372.000000,202363918,1100000014237306,2024-10-01T10:30:48
ICIL,INE483B01026,2024-10-01,NSE,EQ,EQ,sell,false,1.000000,372.000000,202363919,1100000014237306,2024-10-01T10:30:48
ICIL,INE483B01026,2024-10-01,NSE,EQ,EQ,sell,false,1.000000,371.950000,202363920,1100000014237306,2024-10-01T10:30:48
ICIL,INE483B01026,2024-10-01,NSE,EQ,EQ,sell,false,30.000000,371.850000,202363921,1100000014237306,2024-10-01T10:30:48
ICIL,INE483B01026,2024-10-01,NSE,EQ,EQ,sell,false,4.000000,371.700000,202363922,1100000014237306,2024-10-01T10:30:48
TATAMOTORS,INE155A01022,2024-10-01,NSE,EQ,EQ,sell,false,39.000000,981.200000,602890609,1300000013651444,2024-10-01T10:30:48
ICICIBANK,INE090A01021,2024-10-01,NSE,EQ,EQ,sell,false,22.000000,1272.200000,202363926,1100000014237307,2024-10-01T10:30:48
PGEL,INE457L01029,2024-10-01,NSE,EQ,EQ,buy,false,41.000000,641.450000,402895626,1200000015579228,2024-10-01T10:30:50
BASF,INE373A01013,2024-10-01,NSE,EQ,EQ,buy,false,7.000000,7965.950000,2126874,1000000013320343,2024-10-01T10:30:50
BASF,INE373A01013,2024-10-01,NSE,EQ,EQ,buy,false,1.000000,7965.950000,2126873,1000000013320343,2024-10-01T10:30:50
BASF,INE373A01013,2024-10-01,NSE,EQ,EQ,buy,false,1.000000,7965.000000,2126872,1000000013320343,2024-10-01T10:30:50
NIFTYBEES,INF204KB14I2,2024-10-01,NSE,EQ,EQ,sell,false,45.000000,287.900000,402911743,1200000015653420,2024-10-01T10:31:21
JUNIORBEES,INF732E01045,2024-10-01,NSE,EQ,EQ,sell,false,2.000000,820.000000,402911773,1200000015653560,2024-10-01T10:31:21
GOLDBEES,INF204KB17I5,2024-10-01,NSE,EQ,EQ,buy,false,45.000000,63.410000,202378324,1100000014327330,2024-10-01T10:31:23
LIQUIDCASE,INF0R8F01034,2024-10-01,NSE,EQ,EQ,buy,false,112.000000,104.620000,402913522,1200000015660326,2024-10-01T10:31:23
BAJAJHIND,INE306A01021,2024-11-04,NSE,EQ,EQ,sell,false,42.000000,33.580000,535422,1000000002867107,2024-11-04T09:21:40
BAJAJHIND,INE306A01021,2024-11-04,NSE,EQ,EQ,sell,false,522.000000,33.580000,535423,1000000002867107,2024-11-04T09:21:40
BAJAJHIND,INE306A01021,2024-11-04,NSE,EQ,EQ,sell,false,641.000000,33.580000,535424,1000000002867107,2024-11-04T09:21:40
DEEPAKFERT,INE501A01019,2024-11-04,NSE,EQ,EQ,sell,false,11.000000,1215.650000,200685050,1100000003251338,2024-11-04T09:21:40
PGEL,INE457L01029,2024-11-04,NSE,EQ,EQ,sell,false,24.000000,613.900000,400787510,1200000003719985,2024-11-04T09:21:40
PGEL,INE457L01029,2024-11-04,NSE,EQ,EQ,sell,false,6.000000,613.850000,400787511,1200000003719985,2024-11-04T09:21:40
PGEL,INE457L01029,2024-11-04,NSE,EQ,EQ,sell,false,8.000000,613.850000,400787512,1200000003719985,2024-11-04T09:21:40
PGEL,INE457L01029,2024-11-04,NSE,EQ,EQ,sell,false,2.000000,613.850000,400787513,1200000003719985,2024-11-04T09:21:40
PGEL,INE457L01029,2024-11-04,NSE,EQ,EQ,sell,false,1.000000,613.850000,400787514,1200000003719985,2024-11-04T09:21:40
POLICYBZR,INE417T01026,2024-11-04,NSE,EQ,EQ,sell,false,11.000000,1668.050000,400787515,1200000003719997,2024-11-04T09:21:40
KARURVYSYA,INE036D01028,2024-11-04,NSE,EQ,EQ,sell,false,34.000000,225.210000,400787516,1200000003720010,2024-11-04T09:21:40
STAR,INE939A01011,2024-11-04,NSE,EQ,EQ,sell,false,9.000000,1486.350000,600714714,1300000003148056,2024-11-04T09:21:40
STAR,INE939A01011,2024-11-04,NSE,EQ,EQ,sell,false,3.000000,1486.350000,600714715,1300000003148056,2024-11-04T09:21:40
SHAKTIPUMP-BE,INE908D01010,2024-11-04,NSE,EQ,BE,sell,false,4.000000,4412.000000,600714718,1300000003148076,2024-11-04T09:21:40
SHAKTIPUMP-BE,INE908D01010,2024-11-04,NSE,EQ,BE,sell,false,8.000000,4405.100000,600714719,1300000003148076,2024-11-04T09:21:40
INDIAMART,INE933S01016,2024-11-04,NSE,EQ,EQ,buy,false,7.000000,2498.650000,200687035,1100000003263545,2024-11-04T09:21:42
INDIAMART,INE933S01016,2024-11-04,NSE,EQ,EQ,buy,false,2.000000,2498.800000,200687036,1100000003263545,2024-11-04T09:21:42
INDIAMART,INE933S01016,2024-11-04,NSE,EQ,EQ,buy,false,3.000000,2498.850000,200687037,1100000003263545,2024-11-04T09:21:42
MCX,INE745G01035,2024-11-04,NSE,EQ,EQ,buy,false,3.000000,6399.300000,400789570,1200000003733369,2024-11-04T09:21:42
CHOLAHLDNG,INE149A01033,2024-11-04,NSE,EQ,EQ,buy,false,12.000000,1783.300000,537037,1000000002879399,2024-11-04T09:21:42
BASF,INE373A01013,2024-11-04,NSE,EQ,EQ,buy,false,2.000000,8358.950000,537041,1000000002879464,2024-11-04T09:21:42
MCX,INE745G01035,2024-11-04,NSE,EQ,EQ,buy,false,7.000000,6399.300000,400789571,1200000003733369,2024-11-04T09:21:42
MCX,INE745G01035,2024-11-04,NSE,EQ,EQ,buy,false,2.000000,6399.400000,400789572,1200000003733369,2024-11-04T09:21:42
INDUSTOWER,INE121J01017,2024-11-04,NSE,EQ,EQ,buy,false,92.000000,343.950000,200687033,1100000003263526,2024-11-04T09:21:42
INDUSTOWER,INE121J01017,2024-11-04,NSE,EQ,EQ,buy,false,3.000000,343.950000,200687034,1100000003263526,2024-11-04T09:21:42
JUNIORBEES,INF732E01045,2024-11-04,NSE,EQ,EQ,buy,false,4.000000,744.560000,400919098,1200000004507784,2024-11-04T09:23:40
NIFTYBEES,INF204KB14I2,2024-11-04,NSE,EQ,EQ,buy,false,6.000000,269.620000,400919103,1200000004507806,2024-11-04T09:23:40
ACE,INE731H01025,2024-12-02,NSE,EQ,EQ,sell,false,1.000000,1321.300000,4311010,1000000025509698,2024-12-02T11:48:49
BASF,INE373A01013,2024-12-02,NSE,EQ,EQ,sell,false,11.000000,5682.650000,4311009,1000000025509661,2024-12-02T11:48:49
NATIONALUM,INE139A01034,2024-12-02,NSE,EQ,EQ,sell,false,25.000000,240.850000,404842749,1200000030000605,2024-12-02T11:48:49
NATIONALUM,INE139A01034,2024-12-02,NSE,EQ,EQ,sell,false,5.000000,240.870000,404842748,1200000030000605,2024-12-02T11:48:49
NATIONALUM,INE139A01034,2024-12-02,NSE,EQ,EQ,sell,false,4.000000,240.870000,404842747,1200000030000605,2024-12-02T11:48:49
INDIAMART,INE933S01016,2024-12-02,NSE,EQ,EQ,sell,false,8.000000,2349.450000,204383080,1100000028550417,2024-12-02T11:48:49
INDIAMART,INE933S01016,2024-12-02,NSE,EQ,EQ,sell,false,4.000000,2349.850000,204383079,1100000028550417,2024-12-02T11:48:49
GESHIP,INE017A01032,2024-12-02,NSE,EQ,EQ,sell,false,11.000000,1072.550000,204383078,1100000028550413,2024-12-02T11:48:49
GESHIP,INE017A01032,2024-12-02,NSE,EQ,EQ,sell,false,1.000000,1072.550000,204383077,1100000028550413,2024-12-02T11:48:49
DEEPAKFERT,INE501A01019,2024-12-02,NSE,EQ,EQ,sell,false,12.000000,1371.450000,204383076,1100000028550409,2024-12-02T11:48:49
ACE,INE731H01025,2024-12-02,NSE,EQ,EQ,sell,false,8.000000,1321.150000,4311011,1000000025509698,2024-12-02T11:48:49
HUDCO,INE031A01017,2024-12-02,NSE,EQ,EQ,buy,false,129.000000,240.800000,204383987,1100000028556293,2024-12-02T11:48:51
HUDCO,INE031A01017,2024-12-02,NSE,EQ,EQ,buy,false,75.000000,240.790000,204383986,1100000028556293,2024-12-02T11:48:51
SUVENPHAR,INE03QK01018,2024-12-02,NSE,EQ,EQ,buy,false,8.000000,1318.750000,604236522,1300000025476171,2024-12-02T11:48:51
SUVENPHAR,INE03QK01018,2024-12-02,NSE,EQ,EQ,buy,false,4.000000,1318.700000,604236521,1300000025476171,2024-12-02T11:48:51
SUVENPHAR,INE03QK01018,2024-12-02,NSE,EQ,EQ,buy,false,5.000000,1318.650000,604236520,1300000025476171,2024-12-02T11:48:51
SUVENPHAR,INE03QK01018,2024-12-02,NSE,EQ,EQ,buy,false,10.000000,1318.600000,604236519,1300000025476171,2024-12-02T11:48:51
SUVENPHAR,INE03QK01018,2024-12-02,NSE,EQ,EQ,buy,false,1.000000,1318.600000,604236518,1300000025476171,2024-12-02T11:48:51
SUVENPHAR,INE03QK01018,2024-12-02,NSE,EQ,EQ,buy,false,2.000000,1318.100000,604236517,1300000025476171,2024-12-02T11:48:51
WABAG,INE956G01038,2024-12-02,NSE,EQ,EQ,buy,false,16.000000,1873.800000,604236516,1300000025476141,2024-12-02T11:48:51
WABAG,INE956G01038,2024-12-02,NSE,EQ,EQ,buy,false,2.000000,1873.800000,604236515,1300000025476141,2024-12-02T11:48:51
WABAG,INE956G01038,2024-12-02,NSE,EQ,EQ,buy,false,5.000000,1873.800000,604236514,1300000025476141,2024-12-02T11:48:51
SUVENPHAR,INE03QK01018,2024-12-02,NSE,EQ,EQ,buy,false,6.000000,1318.800000,604236523,1300000025476171,2024-12-02T11:48:51
JUNIORBEES,INF732E01045,2024-12-02,NSE,EQ,EQ,buy,false,2.000000,756.440000,404876315,1200000030224804,2024-12-02T11:50:26
GOLDBEES,INF204KB17I5,2024-12-02,NSE,EQ,EQ,buy,false,22.000000,63.630000,204417293,1100000028766438,2024-12-02T11:50:26
LIQUIDCASE,INF0R8F01034,2024-12-02,NSE,EQ,EQ,buy,false,6.000000,105.700000,404876313,1200000030224792,2024-12-02T11:50:26
NIFTYBEES,INF204KB14I2,2024-12-02,NSE,EQ,EQ,buy,false,2.000000,269.920000,404876314,1200000030224803,2024-12-02T11:50:26
TATACHEM,INE092A01019,2024-12-13,NSE,EQ,EQ,sell,false,1.000000,1090.000000,606929157,1300000047733329,2024-12-13T14:01:50
INDHOTEL,INE053A01029,2024-12-13,NSE,EQ,EQ,sell,false,7.000000,853.150000,207007197,1100000051167053,2024-12-13T14:01:50
VOLTAS,INE226A01021,2024-12-13,NSE,EQ,EQ,sell,false,2.000000,1787.200000,606929155,1300000047733323,2024-12-13T14:01:50
TCS,INE467B01029,2024-12-13,NSE,EQ,EQ,sell,false,1.000000,4480.850000,606929156,1300000047733327,2024-12-13T14:01:50
TATATECH,INE142M01025,2024-12-13,NSE,EQ,EQ,buy,false,16.000000,937.600000,606929605,1300000047736489,2024-12-13T14:01:52
LIQUIDCASE,INF0R8F01034,2024-12-18,NSE,EQ,EQ,buy,false,12.000000,105.980000,400611857,1200000003573714,2024-12-18T09:22:10
JUNIORBEES,INF732E01045,2024-12-18,NSE,EQ,EQ,buy,false,1.000000,768.230000,400611856,1200000003573712,2024-12-18T09:22:10
GOLDBEES,INF204KB17I5,2024-12-18,NSE,EQ,EQ,buy,false,20.000000,64.270000,200530456,1100000003111502,2024-12-18T09:22:10
NIFTYBEES,INF204KB14I2,2024-12-18,NSE,EQ,EQ,buy,false,3.000000,272.060000,400611858,1200000003573715,2024-12-18T09:22:10
LIQUIDCASE,INF0R8F01034,2025-01-03,NSE,EQ,EQ,sell,false,31.000000,106.310000,407336279,1200000054266683,2025-01-03T14:30:48
NIFTYBEES,INF204KB14I2,2025-01-03,NSE,EQ,EQ,sell,false,26.000000,268.830000,407336278,1200000054266682,2025-01-03T14:30:48
JUNIORBEES,INF732E01045,2025-01-03,NSE,EQ,EQ,buy,false,6.000000,741.460000,407336800,1200000054270864,2025-01-03T14:30:50
GOLDBEES,INF204KB17I5,2025-01-03,NSE,EQ,EQ,buy,false,92.000000,65.010000,208215811,1100000053203181,2025-01-03T14:30:50
STAR,INE939A01011,2025-01-03,NSE,EQ,EQ,sell,false,4.000000,698.550000,607641285,1300000048060883,2025-01-03T14:31:47
JINDALSAW,INE324A01032,2025-01-03,NSE,EQ,EQ,sell,false,114.000000,285.550000,407352958,1200000054394701,2025-01-03T14:31:47
STAR,INE939A01011,2025-01-03,NSE,EQ,EQ,sell,false,7.000000,698.650000,607641283,1300000048060883,2025-01-03T14:31:47
STAR,INE939A01011,2025-01-03,NSE,EQ,EQ,sell,false,1.000000,698.650000,607641284,1300000048060883,2025-01-03T14:31:47
GREAVESCOT,INE224A01026,2025-01-03,NSE,EQ,EQ,sell,false,50.000000,282.000000,208232751,1100000053329286,2025-01-03T14:31:47
KFINTECH,INE138Y01010,2025-01-03,NSE,EQ,EQ,buy,false,16.000000,1470.100000,407353509,1200000054398610,2025-01-03T14:31:49
NEWGEN,INE619B01017,2025-01-03,NSE,EQ,EQ,buy,false,13.000000,1700.000000,407353528,1200000054398735,2025-01-03T14:31:49
NATIONALUM,INE139A01034,2025-01-03,NSE,EQ,EQ,buy,false,25.000000,209.480000,407353515,1200000054398620,2025-01-03T14:31:49
NEWGEN,INE619B01017,2025-01-03,NSE,EQ,EQ,buy,false,2.000000,1700.000000,407353529,1200000054398735,2025-01-03T14:31:49
CHOLAHLDNG,INE149A01033,2025-01-28,NSE,EQ,EQ,sell,false,6.000000,1373.150000,4598348,1000000034553722,2025-01-28T11:11:30
CHOLAHLDNG,INE149A01033,2025-01-28,NSE,EQ,EQ,sell,false,1.000000,1373.600000,4598346,1000000034553722,2025-01-28T11:11:30
SUDARSCHEM,INE659A01023,2025-01-28,NSE,EQ,EQ,sell,false,3.000000,962.050000,605207174,1300000032926661,2025-01-28T11:11:30
SUDARSCHEM,INE659A01023,2025-01-28,NSE,EQ,EQ,sell,false,15.000000,962.100000,605207173,1300000032926661,2025-01-28T11:11:30
SUDARSCHEM,INE659A01023,2025-01-28,NSE,EQ,EQ,sell,false,10.000000,962.300000,605207172,1300000032926661,2025-01-28T11:11:30
BSE,INE118H01025,2025-01-28,NSE,EQ,EQ,sell,false,2.000000,5195.500000,4598342,1000000034553698,2025-01-28T11:11:30
WABAG,INE956G01038,2025-01-28,NSE,EQ,EQ,sell,false,23.000000,1149.100000,605207175,1300000032926672,2025-01-28T11:11:30
CHOLAHLDNG,INE149A01033,2025-01-28,NSE,EQ,EQ,sell,false,2.000000,1373.100000,4598349,1000000034553722,2025-01-28T11:11:30
CHOLAHLDNG,INE149A01033,2025-01-28,NSE,EQ,EQ,sell,false,3.000000,1373.550000,4598347,1000000034553722,2025-01-28T11:11:30
LIQUIDCASE,INF0R8F01034,2025-01-28,NSE,EQ,EQ,buy,false,685.000000,106.740000,405672138,1200000038802795,2025-01-28T11:11:32
NUVAMA,INE531F01015,2025-01-28,NSE,EQ,EQ,buy,false,2.000000,5103.700000,405672136,1200000038802776,2025-01-28T11:11:32
NEWGEN,INE619B01017,2025-01-28,NSE,EQ,EQ,buy,false,1.000000,956.050000,405830377,1200000040078470,2025-01-28T11:16:57
NEWGEN,INE619B01017,2025-01-28,NSE,EQ,EQ,buy,false,15.000000,956.950000,405830378,1200000040078470,2025-01-28T11:16:57
KFINTECH,INE138Y01010,2025-01-28,NSE,EQ,EQ,buy,false,9.000000,1055.550000,406058074,1200000041840534,2025-01-28T11:24:20
KFINTECH,INE138Y01010,2025-01-28,NSE,EQ,EQ,buy,false,1.000000,1055.000000,406058073,1200000041840534,2025-01-28T11:24:20
GOLDBEES,INF204KB17I5,2025-01-28,NSE,EQ,EQ,buy,false,16.000000,67.520000,210356856,1100000075217559,2025-01-28T14:42:07
LIQUIDCASE,INF0R8F01034,2025-01-28,NSE,EQ,EQ,buy,false,6.000000,106.730000,411631558,1200000084432260,2025-01-28T14:42:07
JUNIORBEES,INF732E01045,2025-01-28,NSE,EQ,EQ,buy,false,1.000000,657.400000,411631575,1200000084432287,2025-01-28T14:42:07
NIFTYBEES,INF204KB14I2,2025-01-28,NSE,EQ,EQ,buy,false,1.000000,258.970000,411631576,1200000084432288,2025-01-28T14:42:07
GVT&D,INE200A01026,2025-01-28,NSE,EQ,EQ,sell,false,5.000000,1612.150000,210500542,1100000076197769,2025-01-28T14:47:00
GVT&D,INE200A01026,2025-01-28,NSE,EQ,EQ,sell,false,6.000000,1611.050000,210500543,1100000076197769,2025-01-28T14:47:00
LIQUIDCASE,INF0R8F01034,2025-01-28,NSE,EQ,EQ,buy,false,6.000000,106.730000,411835783,1200000085770574,2025-01-28T14:47:39
GOLDBEES,INF204KB17I5,2025-01-28,NSE,EQ,EQ,buy,false,16.000000,67.520000,210550749,1100000076458177,2025-01-28T14:47:39
NIFTYBEES,INF204KB14I2,2025-01-28,NSE,EQ,EQ,buy,false,1.000000,258.140000,411835738,1200000085770391,2025-01-28T14:47:39
JUNIORBEES,INF732E01045,2025-01-28,NSE,EQ,EQ,buy,false,1.000000,655.520000,411835740,1200000085770401,2025-01-28T14:47:39
ONESOURCE-BE,INE013P01021,2025-01-29,NSE,EQ,BE,sell,false,1.000000,1559.000000,403909540,1200000027784941,2025-01-29T10:39:31
ONESOURCE-BE,INE013P01021,2025-01-29,NSE,EQ,BE,sell,false,5.000000,1558.000000,403909541,1200000027784941,2025-01-29T10:39:31
JUNIORBEES,INF732E01045,2025-01-29,NSE,EQ,EQ,buy,false,6.000000,659.500000,403964637,1200000028244743,2025-01-29T10:41:34
NIFTYBEES,INF204KB14I2,2025-01-29,NSE,EQ,EQ,buy,false,2.000000,258.570000,403964638,1200000028244746,2025-01-29T10:41:34
SUVENPHAR,INE03QK01018,2025-02-03,NSE,EQ,EQ,sell,false,6.000000,1128.900000,602834714,1300000015013500,2025-02-03T09:55:00
KFINTECH,INE138Y01010,2025-02-03,NSE,EQ,EQ,sell,false,4.000000,1055.100000,402812414,1200000016901483,2025-02-03T09:55:00
KFINTECH,INE138Y01010,2025-02-03,NSE,EQ,EQ,sell,false,1.000000,1055.100000,402812413,1200000016901483,2025-02-03T09:55:00
GODFRYPHLP,INE260B01028,2025-02-03,NSE,EQ,EQ,sell,false,1.000000,4914.850000,202493671,1100000015458217,2025-02-03T09:55:00
DEEPAKFERT,INE501A01019,2025-02-03,NSE,EQ,EQ,sell,false,1.000000,1139.000000,202493661,1100000015458186,2025-02-03T09:55:00
MCX,INE745G01035,2025-02-03,NSE,EQ,EQ,sell,false,1.000000,5611.000000,402812412,1200000016901448,2025-02-03T09:55:00
LIQUIDCASE,INF0R8F01034,2025-02-03,NSE,EQ,EQ,sell,false,358.000000,106.830000,402812427,1200000016901614,2025-02-03T09:55:00
NUVAMA,INE531F01015,2025-02-03,NSE,EQ,EQ,sell,false,2.000000,5110.000000,402812426,1200000016901610,2025-02-03T09:55:00
BANKBARODA,INE028A01039,2025-02-03,NSE,EQ,EQ,buy,false,15.000000,207.430000,2008010,1000000013103164,2025-02-03T09:55:02
BANKBARODA,INE028A01039,2025-02-03,NSE,EQ,EQ,buy,false,120.000000,207.430000,2008009,1000000013103164,2025-02-03T09:55:02
BSE,INE118H01025,2025-02-03,NSE,EQ,EQ,buy,false,1.000000,5297.350000,2007919,1000000013102980,2025-02-03T09:55:02
NATIONALUM,INE139A01034,2025-02-03,NSE,EQ,EQ,buy,false,30.000000,186.520000,402815447,1200000016915522,2025-02-03T09:55:02
KARURVYSYA,INE036D01028,2025-02-03,NSE,EQ,EQ,buy,false,14.000000,231.420000,402815464,1200000016915668,2025-02-03T09:55:02
NEWGEN,INE619B01017,2025-02-03,NSE,EQ,EQ,buy,false,1.000000,1059.000000,402815477,1200000016915772,2025-02-03T09:55:02
HUDCO,INE031A01017,2025-02-03,NSE,EQ,EQ,buy,false,11.000000,199.950000,202494784,1100000015468224,2025-02-03T09:55:02
HUDCO,INE031A01017,2025-02-03,NSE,EQ,EQ,buy,false,19.000000,199.950000,202494783,1100000015468224,2025-02-03T09:55:02
IDEA,INE669E01016,2025-02-03,NSE,EQ,EQ,buy,false,2358.000000,9.070000,202494782,1100000015468223,2025-02-03T09:55:02
GREAVESCOT,INE224A01026,2025-02-03,NSE,EQ,EQ,buy,false,2.000000,266.000000,202494767,1100000015468138,2025-02-03T09:55:02
BSE,INE118H01025,2025-03-03,NSE,EQ,EQ,sell,false,7.000000,4419.200000,4562005,1000000037845478,2025-03-03T11:32:49
MCX,INE745G01035,2025-03-03,NSE,EQ,EQ,sell,false,2.000000,4793.250000,405968974,1200000045021960,2025-03-03T11:32:49
BANKBARODA,INE028A01039,2025-03-03,NSE,EQ,EQ,sell,false,135.000000,194.750000,4562001,1000000037845453,2025-03-03T11:32:49
BSE,INE118H01025,2025-03-03,NSE,EQ,EQ,sell,false,3.000000,4419.250000,4562004,1000000037845478,2025-03-03T11:32:49
MOTILALOFS,INE338I01027,2025-03-03,NSE,EQ,EQ,buy,false,30.000000,566.950000,405969632,1200000045029267,2025-03-03T11:32:51
HUDCO,INE031A01017,2025-03-03,NSE,EQ,EQ,buy,false,46.000000,160.390000,205395763,1100000039562147,2025-03-03T11:32:51
GREAVESCOT,INE224A01026,2025-03-03,NSE,EQ,EQ,buy,false,22.000000,223.350000,205395764,1100000039562150,2025-03-03T11:32:51
GREAVESCOT,INE224A01026,2025-03-03,NSE,EQ,EQ,buy,false,3.000000,223.360000,205395765,1100000039562150,2025-03-03T11:32:51
MOTILALOFS,INE338I01027,2025-03-03,NSE,EQ,EQ,buy,false,11.000000,566.950000,405969633,1200000045029267,2025-03-03T11:32:51
LUPIN,INE326A01037,2025-03-03,NSE,EQ,EQ,buy,false,8.000000,1922.900000,405969639,1200000045029342,2025-03-03T11:32:51
KARURVYSYA,INE036D01028,2025-03-03,NSE,EQ,EQ,buy,false,28.000000,198.350000,405969643,1200000045029383,2025-03-03T11:32:51
WELCORP,INE191B01025,2025-03-03,NSE,EQ,EQ,buy,false,1.000000,683.600000,605758269,1300000038559052,2025-03-03T11:32:51
WELCORP,INE191B01025,2025-03-03,NSE,EQ,EQ,buy,false,22.000000,683.650000,605758270,1300000038559052,2025-03-03T11:32:51
WELCORP,INE191B01025,2025-03-03,NSE,EQ,EQ,buy,false,5.000000,683.650000,605758271,1300000038559052,2025-03-03T11:32:51
WELCORP,INE191B01025,2025-03-03,NSE,EQ,EQ,buy,false,4.000000,683.650000,605758272,1300000038559052,2025-03-03T11:32:51
WELCORP,INE191B01025,2025-03-03,NSE,EQ,EQ,buy,false,1.000000,683.650000,605758273,1300000038559052,2025-03-03T11:32:51
WELCORP,INE191B01025,2025-03-03,NSE,EQ,EQ,buy,false,1.000000,683.650000,605758274,1300000038559052,2025-03-03T11:32:51
NIFTYBEES,INF204KB14I2,2025-03-03,NSE,EQ,EQ,buy,false,3.000000,246.890000,406085262,1200000046059256,2025-03-03T11:37:18
JUNIORBEES,INF732E01045,2025-03-03,NSE,EQ,EQ,buy,false,6.000000,603.990000,406085236,1200000046059109,2025-03-03T11:37:18
LIQUIDCASE,INF0R8F01034,2025-03-03,NSE,EQ,EQ,buy,false,1.000000,107.320000,406085237,1200000046059113,2025-03-03T11:37:18
GOLDBEES,INF204KB17I5,2025-03-03,NSE,EQ,EQ,buy,false,24.000000,71.170000,205538829,1100000040744019,2025-03-03T11:38:50
JUNIORBEES,INF732E01045,2025-03-03,NSE,EQ,EQ,buy,false,20.000000,604.130000,406126990,1200000046396212,2025-03-03T11:38:50
NIFTYBEES,INF204KB14I2,2025-03-03,NSE,EQ,EQ,buy,false,20.000000,246.930000,406126987,1200000046396207,2025-03-03T11:38:50
LIQUIDCASE,INF0R8F01034,2025-03-03,NSE,EQ,EQ,buy,false,96.000000,107.320000,406126986,1200000046396201,2025-03-03T11:38:50
GOLDBEES,INF204KB17I5,2025-03-03,NSE,EQ,EQ,buy,false,239.000000,71.170000,205538830,1100000040744019,2025-03-03T11:38:50
LIQUIDCASE,INF0R8F01034,2025-03-18,NSE,EQ,EQ,buy,false,26.000000,107.590000,400547378,1200000003535108,2025-03-18T09:22:09
NIFTYBEES,INF204KB14I2,2025-03-18,NSE,EQ,EQ,buy,false,5.000000,253.240000,400547379,1200000003535119,2025-03-18T09:22:09
TITAN,INE280A01028,2025-03-18,NSE,EQ,EQ,sell,false,1.000000,3022.750000,600582813,1300000003657892,2025-03-18T09:24:57
TATACHEM,INE092A01019,2025-03-18,NSE,EQ,EQ,sell,false,6.000000,810.000000,600582814,1300000003657894,2025-03-18T09:24:57
VOLTAS,INE226A01021,2025-03-18,NSE,EQ,EQ,buy,false,1.000000,1462.150000,600583858,1300000003666095,2025-03-18T09:24:59
TATAPOWER,INE245A01021,2025-03-18,NSE,EQ,EQ,buy,false,3.000000,355.350000,600583856,1300000003666087,2025-03-18T09:24:59
TATACONSUM,INE192A01025,2025-03-18,NSE,EQ,EQ,buy,false,1.000000,945.600000,600583859,1300000003666099,2025-03-18T09:24:59
TCS,INE467B01029,2025-03-18,NSE,EQ,EQ,buy,false,1.000000,3506.550000,600583857,1300000003666094,2025-03-18T09:24:59
